,mid,province,gender,verified,retweet_mid_indicator,uid,retweet_uid_indicator,source,image,text,geo,created_at,delete_indicator,censor_indicator
179109,mP6EGmgyhy,44,m,True,0,uQZ05IGQK,0,易车网,1,是为了悼念这家化作灰烬的销售店以及警醒失去理智的伪爱国者阳光下的暴行来自同胞的痛诉,0,2012-09-17,0,1
58390,mNpiSMUkMJ,11,m,True,0,uI43M2TC4,0,新浪微博,1,今天国航飞机返航这事可以拍电影了剧本这样写终于坐上了飞往美国的班机飞机缓缓起飞他长出一口气自由了想到自己那已经转出国外的几亿美刀和翘首以盼他到来的妻儿想着以后锦衣玉食的生活他微笑着进入了梦乡终于落地了他打开屏幕上出现的的是中国移动欢迎您,0,2012-08-29,0,1
60208,mUEMphRe9O,33,m,True,0,uQSML5HGZ,0,三星GalaxyNote,1,中共广州市越秀区委常委宣传部长陈晓丹不是另一个陈晓丹,0,2012-09-01,0,1
58058,mgwVNWdqbC,11,m,True,0,uQSM5LJG4,0,新浪微博,1,今天有多家报纸报道了福建表叔跨省毁报大家都在等这场不堪大任者与无耻妄行者的角斗最后的结局,0,2012-10-10,0,1
83222,mVQ5s1T9P7,81,m,True,0,uFABML10,0,FaWave,1,數十名要求撤回國民教育科的學民思潮成員繼續留守政府總部其中三的學生計劃絕食小時我個人贊成這種非暴力的抗爭方式希望港府撤回德育及國民教育科只推出香港人非常需要的德育科,0,2012-08-31,0,1
38967,m608I06LTm,43,m,True,1,uII5KA5TG,1,小米手机,0,法律有这样的规定怒是法律规定的吗岳麓区法院你牛逼大了,0,2012-10-27,0,1
139105,mFLSgbr6gx,11,f,True,0,uOQZ3FO1I,0,iPad客户端,0,什么最无用中国护照呗全世界最垃圾护照之一中国护照免签入境的国家仅仅个有个在非洲连去港澳都要签证全球个国家倒数第三仅列于朝鲜巴基斯坦之前免签的国家有些是从来没有听过的看看其他中国人香港免签国家个台湾免签国家个,0,2012-09-04,0,1
5877,mkpFvf5INN,46,m,True,0,uS5WVAU1K,0,新浪微博,1,向白岩松求证我对天发誓如果三个月没有百万人转的话表示我们中国人真的败了原来寄生等于自己养老同时向国务院有关部委求证,0,2012-08-18,0,1
114415,mEm8Abdmos,11,m,True,1,uII5BTCL5,1,iPhone客户端,0,还兴先放风的想形成中日对战格局给了谁另一方的民族主义者都不舒服奥奖很坏啊哈哈前年刘磕巴的事崔卫平做了个民间调查把丫吓坏了,0,2012-10-06,0,1
58213,mU5Nh0TkLm,21,m,False,0,uK3R3AJBB,0,新浪微博,1,敏感词慕容雪村据联合早报伯克利大学中国数字时代网从去年月开始收录新浪微博禁止搜索的敏感词至今年月日共收录个敏感词平均每天产生个新敏感词假设每个词两个字总计个字网上一份常用汉字表共收录了汉字不计重复部分这个月产生的敏感词就占去了,0,2012-08-27,1,1
106214,m9Rs7JKHNZ,11,m,True,0,uP2ZTCIYX,0,新浪微博,1,我们丢掉了什么改革把信仰丢了发展把道德丢了教育把灵魂丢了吃饭把健康丢了买房把幸福丢了经商把信誉丢了做官把底线丢了上访把自由丢了外交把形象丢了维稳把领海丢了工作把兴趣丢了结婚把爱情丢了生活把尊严丢了为了钱把什么都丢了,0,2012-08-28,0,1
127856,mFLEGQu4KB,31,m,True,1,u0AGYQYNJ,1,专业版微博,0,令人发指微博,0,2012-09-26,0,1
90035,mQFsu3mRSf,44,f,True,0,uI43YZHR1,0,iPhone客户端,1,惠州秩序井然,0,2012-09-16,1,1
42671,m9IZ6WoHnW,100,m,False,0,uRSRB3POP,0,新浪微博,0,故宫出大事了网友问是慈禧诈尸了还是太监长小了我答不能说,0,2012-08-31,0,1
13365,mqJeXytYAW,37,m,False,0,uM1ULU4GX,0,分享按钮,1,我叫单正国在青岛元鼎律师事务所作一名律师因代理案件年月日下午被两个歹徒从背后用铁棍袭击当时我被打得遍体鳞伤当晚嚣张的歹徒打电话让我退出吴志华与孔令奇的案件并威胁杀我全家轮奸我不满岁的侄女现凶犯至今在逃我被迫悬赏十万元人民币缉拿凶犯和幕后黑手,0,2012-08-13,0,1
217534,mr3dOGf8WU,61,m,False,0,u1O5Y2CXL,0,新浪微博,1,叛徒张国焘对伟光正的污蔑革命成功必独裁统治年张国焘办杂志污蔑共二十年来的悠长岁月之中党浸沉于残杀破坏扰乱之中假定党武装革命成功继军事征服力量而起的必然是一种独裁政治无疑张国焘是预言帝呀,0,2012-09-01,1,1
226,mkpuQZKbih,11,m,False,0,uRUURVQS,0,iPhone客户端,1,哈儿想把任建宇煽颠罪证送给莫言先生祝福他荣获诺贝尔和平奖,0,2012-10-11,0,1
86488,meBXIxjBub,400,m,False,0,uK3RRIB3N,0,360安全浏览器,1,钻石高行健获诺贝尔奖感言摘录其实作家同读者的关系无非是精神上的一种交流彼此不必见面不必交往只通过作品得以沟通文学作为人类活动尚免除不了的一种行为读与写双方都自觉自愿因此文学对于大众不负有甚么义务,0,2012-10-11,1,1
885,mdO7KzIJLw,11,m,False,0,uM1UWKVGJ,0,新浪微博,1,北京事儿只有一辆军车遵纪守法其他多车都在逆行怒,0,2012-08-09,0,1
86815,mnVislsZRh,11,m,True,1,u1CIABK01,1,随享.iPhone,0,呵呵呵据说一天元还发矿泉水,0,2012-09-16,0,1
56239,mGvjmqxmnz,400,m,False,0,uPVDGYZVG,0,新浪微博,1,三大无耻理论国情论凡是不如人家的都是国情不同这是万能遮羞布到最后连强拆和打死人都成了国情阴谋论动辄就是别国有阴谋还自以为洞悉政治本质这也是块遮羞布可以用此掩盖所有反人类行径历史无用论认为历史已经过去了不应再提却不知道如今的许多问题都是历史遗毒章立凡,0,2012-10-21,0,1
69388,m0WaVklCQs,44,m,False,0,uSIACIFSB,0,iPad客户端,1,最惊艳网易评论毛巨俠牛逼精选,0,2012-09-20,0,1
96967,m9IUmPaCU7,11,m,True,1,uJ2OA2OAG,1,新浪微博,0,怎么办倪,0,2012-09-25,0,1
158138,mvRRx8P3OM,43,m,True,1,uDG0SWMSC,1,Android客户端,0,唱的好月日湖南省莲花镇村民何志华拆迁被轧死月日湖北随州村民李芳胜拆迁被杀死月日辽宁盘锦村民王树杰拆迁被警察枪杀拆迁悲剧何时了一声叹息长沙湖南中国尽如是土家野夫,0,2012-09-25,0,1
148877,mtqxoWRwTE,50,m,False,0,uJWI2HJPF,0,Dell平板电脑,1,人民有尊严国家才配谈尊严俄罗斯比前苏联在国际上受侮辱大陆比台湾在国际上更受牛大陆有原子弹台湾没有但台湾护照免签国比大陆多得多你持大陆护照跟台湾人在全球一起走走就知道谁在外面受侮辱你再到官不聊生的台湾和民不聊生的大陆看看就知道哪里的人民在国内受侮辱转,0,2012-08-02,0,1
205945,mtq2M1YVFN,11,f,False,0,uW0EHXKHQ,0,定时8,0,吃着肯德起汉堡穿着地摊背着阿尼玛的包包拿着双卡双待的爱疯用着貌似度娘的综合搜索山寨无情的摧残着我们幼小的心灵亲你也中枪了么,0,2012-09-04,0,1
47247,m9IuUBXoCj,31,m,True,0,uBID0ZO0S,0,新浪微博,0,很多人没有意识到此次事件的严重性和历史标志性意义自义和团一边倒和火烧英国代办处这是第四回街上看到的只是虾兵蟹将和撒豆成兵的幻影而已不足为道真正严峻的问题是有人要直接否定所谓改革开放路线重开冷战并借重开新冷战重塑内部大政,0,2012-09-19,0,1
116056,mNpOAtUJTR,100,m,False,0,uR1WHMITA,0,新浪微博,1,爱国爱家爱防火防盗防尼玛,0,2012-10-28,1,1
58896,mRsgjVRgyq,11,f,False,0,uBIDINTD2,0,新浪微博,1,恭喜北师大中国两位在本土获得诺贝尔奖的中国人都是北京师范大学毕业的啊一个是年硕士毕业后留北京师范大学任教另一个是莫言年毕业于北京师范大学鲁迅文学院创作研究生班并获文艺学硕士学位,0,2012-10-11,1,1
116619,mTSUMtD6kd,100,m,True,0,uMLLCZGKS,0,新浪微博,1,一位年輕媽媽的現場記錄人是可以如此美好的相信正能量,0,2012-09-07,0,1
158060,mwuCBOJ7hQ,51,m,True,0,uY02EGS54,0,新浪微博,0,太原市富士康月日凌晨,0,2012-09-24,0,1
37241,mr3TEWgWpQ,11,m,True,0,uOQZLPO4S,0,iPad客户端,0,纽约时报报道的几个细节英国人敲诈金额是万英镑母子互称对方小兔和大兔小兔曾被英国人扣留在英国的一所房子里另一个没有实施的方案是把英国人定位为贩毒者由王局长在抓捕毒贩时开枪击毙案发夜谷拿着一瓶威士忌单独进入了英国人的房间,0,2012-08-11,0,1
135329,mj4YPYtwkz,61,m,True,1,uQZ0XXYJ4,1,新浪微博,0,草泥马极度恐怖,0,2012-09-26,0,1
190660,m7n6ZIolpp,81,m,False,0,uQZ0A3T4Z,0,新浪微博,1,江大前晚突然現身北京國大院攜夫人王平及前政局常委李清陪同的還有國家副席曾紅前副總理曾炎等演出屬包場不對外售票但邀請了很多在京的省部級高官出席觀看在一眾前高官陪同下包場欣賞西洋歌劇江坐足逾兩小時看全劇並登台發表講話,0,2012-09-25,0,1
74762,mtHKsDzTLU,81,m,False,1,uZNDM1EX3,1,iPhone客户端,0,叫吳克儉聽聽末世疯狂蜡烛从小学生到高中生一个也不要放过把唱国歌的全抓起来吧,0,2012-10-28,0,1
171054,mwuCJEPStB,11,f,True,0,uHQYSOEOP,0,新浪微博,0,越来越觉得这事不对劲四五十个城市同时起动人数不多但破坏力大几乎全部中青年男性集结后立即打砸目标感强防暴警察的执法不作为步调统一各路喇叭媒体和官博忙不迭对打砸暴行定性为爱国行为的过激表现显示打砸暴徒的微博被极快删帖这是不是一场根本与人民无关的有组织的暴行,0,2012-09-16,0,1
1366,m9IUQNhbGR,51,m,False,1,uSIA54GVT,1,Android客户端,0,同求谁这么无耻污蔑我伟大光荣正确的党求辟谣话筒话筒,0,2012-09-27,0,1
14095,mnViKzQrjZ,11,m,False,0,uWYNZ1CNE,0,新浪微博,0,老帅哥想您了,0,2012-09-15,0,1
174622,mPotRDJgaO,44,m,False,0,uWYNYPZ3I,0,淘宝客户端,1,公民恤公民文化衫团定款这个宝贝凑够件开始做有兴趣的师友请下单,0,2012-09-06,0,1
61796,mQFmxA0vym,45,m,True,0,uMLL0F13D,0,UC浏览器,0,小时候书本上说中国用世界的耕地养活了的人口可是它不告诉我们这人口养了世界的公务员这人口的教育经费只占世界的这人口的财富的集中在的人手里这的人口中的吃着全世界最毒的食物缴纳最高的税干最脏最累的活,0,2012-10-11,0,1
180606,mNTkOZSPpX,81,f,False,1,uMMSWSEFA,1,iPad客户端,0,赤果果的歧视我最近都不能睡我不过想安居乐业被条仆街搞到样样都不顺快下班的時候稍微看了一下新聞以為新政策對香港居民沒有影響現在看真點才發現只是對香港永久居民沒有影響曾俊華你翻屋企含啦遲早比港辦中辦革你職之前你都敢玩野,0,2012-10-28,0,1
136765,mhkm7CCTOF,11,m,False,0,uNEGFEZ32,0,iPhone客户端,0,的总编真是传媒界的一个奇葩贵报有几十万份吗跨省毁报谁毁的是烧的还是埋的遗迹在哪儿别出来说笑话了,0,2012-10-09,0,1
28042,m9RYq4tRL6,82,f,False,0,uHRV5FQHR,0,专业版微博,1,不要在充当冷漠的看客了不要在忍气吞声了我们吃着有毒的食物我们的财富被随意的挥霍我们的宪法被无情的践踏我们的正义被无耻的打压难道还要再沉默下去吗当下一个莫须有的罪名降临到你的头上你希望有人站出来为你讨还公道吗,0,2012-10-13,1,1
115174,mtq4yYrKqT,44,m,True,0,uWWBWUDKV,0,iPhone客户端,0,我们没有国我们没有真正属于自己的土地房屋甚至墓地没有生育权没有出入境以及言论的自由没有保护自己不受不公平待遇的能力我们不是公民而是居民我们是一群暂住在中国这片土地上的租客在这一切没有得到改变之前你可以让我热爱地球但请不要跟我谈什么爱国我们根本没有国,0,2012-08-17,0,1
26154,mj4mJbDQ5Y,400,f,True,0,uJ2O1WDZB,0,微话题,1,钓鱼岛是中国的周一表示抗议周二严正交涉周三深表遗憾周四密切关注周五强烈谴责周六周日休息,0,2012-09-11,0,1
43634,m7ddHHkL7r,34,m,True,0,uYC3UHED2,0,新浪微博,1,放心中日绝不会开战别看某国军费奇高其实都变成了豪车茅台文工团平时训练多弄虚作假战斗力只有一颗星除了核武常规军力军士素质跟日本没法比绝不敢打要是越南小菲的话还能对付一下况且作为屁民不能渴望打仗战争对屁民有百弊无一利一打起来物价飞涨物资紧张生活更麻烦别粪了,0,2012-09-12,0,1
71133,mEjetfZ2te,11,f,False,0,uPKFOANLF,0,新浪微博,1,龙应台为什么台湾人不想统一台湾人已经习惯生活在一个民主体制里他习惯看到官员为政策错误而被弹劾他习惯读到报纸对政府的抨击对领导人的诘问他习惯表达对政治人物的取笑和鄙视他不怕警察因为有法律保障了他的权利他敢买房子因为私有财产受宪法规范他发言批评不担心被报复,0,2012-09-08,1,1
83307,mviMcfrmlg,11,m,True,0,uLCMY22PK,0,新浪微博,1,抵制日货不如砸烂特供,0,2012-09-21,0,1
104139,mJtZ4KVwoo,11,m,True,0,uQZ0EZ2XX,0,新浪微博,1,强奸犯一边在强奸女人一边在问你幸不幸幸福女人好不容易伸手擦干泪水悲愤地回了一句你有高潮你就赶紧射吧求求你不要再问我幸福不幸福好吗你已经强奸了我的肉体难道你还要强奸我的灵魂吗,0,2012-10-08,0,1
126757,mnzedKD35c,11,m,False,0,uM1UWKVGJ,0,新浪微博,1,北京事儿实拍北京交警死磕违章警察月日北京东四北大街什锦花园胡同口两辆警车乱停致交通不畅于是一位交警上前规劝谁知警察叔叔并不领情反而和交警争论起来最后交警叔叔怒开警车罚单支持交警叔叔严格执法同时欢迎过路的亲们补充事实真相,0,2012-09-07,1,1
21922,m2XR65DRs0,81,m,False,0,u1CR2B45L,0,iPhone客户端,1,反國民教育音樂會是的香港人很閒閒得風雨飄搖過後太陽遍地在政府總部門口帶著孩子開著嘉年華與音樂會,1,2012-09-01,1,1
80243,mSawbrzZPP,11,f,False,0,uP2ZKWUCJ,0,新浪微博,1,哥今儿限行又打车失败腿儿到地铁据说在北京要这样才能打到车是吗哥就不蛋腚了可蛋疼啊,0,2012-09-27,0,1
162354,mEm4RgMsHz,81,m,True,0,u0VPTBRWJ,0,Android客户端,1,被刪再黎過憤怒人群坐爆政府總部同對開添美道要求政府徹回國民教育科呢度有成萬人係小數定係票選出黎既特首梁振英係小數,0,2012-09-03,0,1
76012,mA3p3exmAR,31,m,True,0,uEMBQRAT5,0,分享按钮,1,进步了有人把王局夜奔视为第二次林副主席北飞在某种程度上对政府的杀伤力有得一比不过林副主席哪会儿无苏领馆可奔只能,0,2012-09-18,0,1
149483,mf62MYgnsu,81,m,False,0,u3JHEK31B,0,3hk.cn上香港网,0,在北京外交部再次就保釣人士被捕向日方提出嚴正交涉和抗議敦促日方立即無條件放人放船另外在北京和廣州等多個內地城市都有民眾示威聲援保釣人士有內地網民發起明天及周日分別在十多個城市示威,0,2012-08-16,1,1
42920,mzqSsJBbNJ,81,m,True,0,uAHFFVK1X,0,官方博客挂件,0,明天是香港特区立法会选举日也是毛赤东的死忌日老毛不死中国人没有普选权连党员和中央委员的普选权利也是空话文化革命打倒了中共八大大部分中央委员１９７３年９月老毛当着副主席周恩来王洪文对外宾说我也是秦始皇既然是毛皇帝统治毛皇朝那么民主选举都是空话,0,2012-09-08,0,1
147163,mkbzSiGegr,81,f,True,0,u0AGG11HE,0,专业版微博,0,老薄挂了早知今日何必当初都是体制惹得祸权利没有约束没有监督穿了黄马褂就以为自己真的是皇帝了制度不改革不知道谁是下一个,0,2012-09-28,0,1
113460,mkpFKU6qtz,11,m,True,0,uI43M2TC4,0,新浪微博,1,沈阳打假这篇文章看的我内牛满面文风虽戏谑事实尽血泪啊不是店主们不愿意营业而是欲加之罪何患无辞啊要罚你款你怎么躲都躲不过啊不关门怎么办请扩散大家都来看看沈阳的打假基因,0,2012-08-06,0,1
68968,mpbvEwTuCn,11,m,True,0,uPVDPGRKP,0,新浪微博,1,今天俺参加了日本大使馆前的抗议活动总的印象是人潮汹涌声势浩大绝大多数为后毛泽东是这场爱国运动的真正精神领袖几乎每支游行队伍前都有他的画像游行的群众非常理性令人欣慰绝对是自发行为警方戒备森严态度和蔼俺也向大使馆内投了一个矿泉水瓶,0,2012-09-18,0,1
167792,mA3puqdZEs,100,m,True,0,uMLLCZGKS,0,新浪微博,1,公安現身香港途人驚嚇報警不過這位公安同志不是來執勤是來伸冤求助的不過您跑上水火車站幹嘛還穿這身制服嚇死人,0,2012-09-19,0,1
156878,mSF9GQhUmd,44,m,True,0,uKB5ZR4SM,0,专业版微博,1,公民第一课从学会如何上街抗议开始,0,2012-09-17,0,1
43553,mjBcBEwpcd,31,m,True,0,uBID0ZO0S,0,新浪微博,0,莫言在获奖后接受凤凰卫视采访时说这是一个可以自由发言的时代这是一句地地道道的谎话生活在一个连获奖的赞扬评论都被勒令撤版的国家面对他前任的获奖者或被驱离祖国或在狱中的命运面对微博上每天这么多删帖和注销账户一个诺贝尔桂冠作家要多无耻多昧着良心才能说出这句话,0,2012-10-11,0,1
146416,mc9dlpxGbn,31,m,True,1,uQZ05BT1V,1,新浪微博,0,转无,0,2012-09-17,0,1
141135,mJKC15OWKP,11,m,True,0,uNEGPS1PF,0,新浪微博,1,有不以营利为目的的经营吗日刘福堂案庭审中刘的辩护人指出非法经营罪行为人主观上应有营利目的刘福堂自费印制作品赠阅宣传环保不具有营利目的不具备非法经营罪的主观要件公诉人答辩称非法经营罪不要求行为人有营利目的正像我们说经营人生一样经营不一定都有营利目的,0,2012-10-12,0,1
204540,m4YNkA6UOS,81,f,True,0,uHRVMRC0P,0,Instagram,1,學民思潮,0,2012-08-20,1,1
122156,mQFXzw7Q3W,11,f,True,0,uATZTIUTC,0,新浪微博,0,合肥中院通报薄谷开来张晓军案据前方媒体消息合肥市中院刚刚通报尼尔伍德遭毒杀案检方称薄谷开来张晓军犯罪事实清楚触犯刑法应以故意杀人罪追责薄谷开来是主犯张晓军是从犯检方也出示了相关证据和薄谷开来证言薄谷开来身体良好对杀人事实没提出异议法院将择期宣判,0,2012-08-09,0,1
49838,mJdyIgmhkE,11,m,True,0,uFAB302D,0,新浪微博,1,岁的省委宣传部副部长,0,2012-08-10,0,1
109790,m5P513QJDm,11,m,True,0,uP2ZTCIYX,0,新浪微博,1,如此维护主权叫人啼笑皆非央视中午发了三条新闻一是中国坚决反对日本政府购买钓鱼岛二是中国两艘海监船到离钓鱼岛海里海域宣示主权三是我国今起发布钓鱼岛海域气象预报看了我国维护主权的措施叫人啼笑皆非我不禁要问这是捍卫领土主权还是为日本侵占钓鱼岛保驾护航提供气象服务,0,2012-09-11,0,1
30653,mZmqzSXUwP,44,f,False,0,uJWIFFG5Q,0,皮皮时光机,1,尼玛滴这服务逆天了这妹子到底想干啥不过晚上睡不着滴童鞋看来再也不会寂寞了哈哈都可以速度去调戏要服务哦可爱转自网络新浪最大的图库速来关注,0,2012-09-04,0,1
94596,m3eAoRYbgh,11,m,True,1,uGL2IHHKL,1,新浪微博,0,刚好在北航的旁边中午吃饭去探探班去北航并非疯人院,0,2012-09-27,0,1
104016,mRsr5rE4hC,11,m,False,0,uBKZUZTQ2,0,新浪微博,1,请教鉴表大师这三位戴表如何上兴隆台区区委书记蒋星辰中兴隆台区区长刘世杰下兴隆台区副区长兼公安局长麻忠庭注月日辽宁盘锦兴隆台区警方参与征地冲突击毙村民王世杰,0,2012-09-23,0,1
33427,mTSvoLBAaX,51,m,True,0,uVEQHTYRS,0,新浪微博,0,保定官方通报称爆炸案死亡人数为人实际上死亡人数至少为人他们是定州铁西派出所家属高华娟与杜政宇蠡县林堡村王红娜曲阳橫沟口村李玉会李林纪颖惠李忻澎以及曲阳北德村韩阿照罪犯董涛和葛少峰也在爆炸中身亡报人是为了掌控案件处理权死人数如达到人省级部门介入,0,2012-10-23,0,1
55952,mZwOfRHdVP,82,f,True,0,uATZOURME,0,新浪微博,1,入一老农生命垂危三番五次咽不了气死不瞑目问其有何遗愿老农说我要入生前一定要成为员组织部长听闻此事大为感动亲自前往火速签字批准随行记者问感谢你对的仰慕为何这么坚决要入呢老农用最后一口气道我希望多死一个员少死一个百姓左小祖咒,0,2012-08-28,1,1
140063,mdOTSBNvxP,81,m,True,0,uKB511ZXW,0,新浪微博,1,香港告急八號風球,0,2012-09-07,0,1
15204,m4YqS2XPKe,11,m,True,0,uMMS54BNG,0,iPhone客户端,0,青年们你们知道宣传部门为何至今不让宣传文革吗就是怕承认错了怕让后人知道太丢人了,0,2012-09-23,0,1
75255,mLL8ge9wV2,23,m,True,0,uZXKPN5JS,0,iPhone客户端,1,牡丹江激昂的反日广场活动,1,2012-09-14,1,1
97911,mwQTVAghR1,11,f,True,1,uLUCTPOWN,0,新浪微博手机版,0,你有日货么舍得砸么说得这么轻巧历史的车轮要前进总会轧死一些花花草草暴力为何要对准无辜群众攒钱买个车容易吗至少可以借此表示我民众对日决裂之勇气决心否则连个烂车都舍不得必为日人以为软弱砸同胞的车给日本人看颜色,0,2012-09-17,0,1
218224,mU5NqPEsqu,81,m,True,0,uKB511ZXW,0,新浪微博,1,轉自,0,2012-08-31,0,1
214345,m7ymW4aNsX,81,m,True,0,u351ZJORC,0,新浪微博,1,关于庐江糗事网友再次发力竟找出图中人物有一人为团委副书记汪昱庐江副县长蒋大斌庐江书记王民生尚待求证真是峰回路转啊静待庐江继续辟谣,0,2012-08-10,0,1
10112,mQFozt2FCy,11,m,True,0,uPVDPGRKP,0,新浪微群,1,很专业的文章网传最高人民检察院法医王雪梅公开质疑泥耳五德死亡案泥耳五德真是死于氰化物中毒吗原文地址原文地址,0,2012-09-25,0,1
117505,mTSUevFgxh,81,m,False,0,uYCE4YMJC,0,新浪微博,1,香港反國民教育科運動的訊息在微博等平台傳播後一些大陸網友對這場運動有不少誤解和質疑此文很好地回應了最常見的質疑因本期週刊佔領十日反國民教育科全記錄編輯時此文尚未完成遂未能加入本期週刊但我們還是決定將這篇文章單獨發佈希冀能回答一些疑問並引發更深入的交流與思考,0,2012-09-16,0,1
182754,mFLTUqs2Jk,400,m,False,0,uB5NFUJCJ,0,新浪微博,1,看图说话不知道谁是敏感词这条微博发出来了你们却看不到前有苏浩今有李亚力太远公安局真威武威武威武,0,2012-10-24,1,1
88605,mqJvtCLRMG,11,m,True,0,uW0EJ4SN2,0,iPad客户端,1,年逆向变迁发展最快的产业腐败产业膨胀最快的部门政府部门成长最速的群体权贵阶层沦落最大的人群普通民众投入最少的领域民生建设分化最猛的方面贫富差距丢失最多的东西社会信仰损害最惨的机制诚实信用透支最狠的资源发展潜力倒退最重的方面法治建设,0,2012-09-20,0,1
41566,mj4INd7Wk9,11,m,True,1,u0AGMQ5ZP,1,iPhone客户端,0,估计还有一个班子成员未确定分歧大可时间紧迫,0,2012-10-20,0,1
31615,m5P5VgnCxf,33,m,True,0,uBKZ0FFUJ,0,iPad客户端,1,还是那句话我国政府在与本国国民土地争夺战中从未输过在与外国土地争夺战中从未赢过,0,2012-09-22,0,1
6269,mL8bj02eRy,32,f,False,0,uHRVMNDCU,0,iPhone客户端,0,纽约时报中文网躺在秘密之上的中国官场转自官方微信,1,2012-10-09,1,1
138739,m7dDek4RzQ,43,m,False,0,uSIAHVKZN,0,新浪微博,1,惊爆贴郑州人工湖龙湖近日蓄水仪式为了领导视察将红地毯铺到了湖中央其中踏过红地毯的领导就有郑州市委书记吴天君天君好霸气的名字啊随便一搜发现吴书记也是爱戴表人士恭请诸君品鉴下图薛蛮子宁财神,0,2012-10-19,1,1
75991,meBKt9ndVB,11,m,True,0,uVT4HP2MK,0,iPhone客户端,0,日晩点半经长沙湘江路一桥北两百米不停看见长沙人的日本车被掀翻至少二十多台同车的朋友打电话追问移民事宜我哭了,0,2012-09-15,0,1
24962,mNpMpOmpbC,44,m,True,0,uRLODGJLA,0,FaWave,1,微晶报之晶晚报第期跨省毁报废劳教还是改劳教,0,2012-10-09,0,1
81327,mnzvPd8EZu,44,m,False,0,uR1W3KXBH,0,新浪微博,1,保存的照片据最新可靠消息现盘锦方面会同山西某媒体人正用重金收买微博博主以删掉盘锦姜某戴表图片甚至强行封号来掩盖事实对此有正义感的知名博主不为所动誓将网络反贪进行到底下图中手表为格拉苏蒂市价欧元请亲们怒转起来,0,2012-09-28,0,1
118708,mdOGfkSyKH,33,m,False,0,uKPKXKVEX,0,新浪微博,1,无耻怒骂这位先生你好你砸得很开心啊你知不知道你砸的是你们西安人的脸砸的是全中国人的脸告知你一下在这个让全国人民痛心的事件结束之后的日子西安西安钟楼饭店一架钢琴两部电梯等着你赔祝你幸福蜡烛蜡烛袁飏先生,0,2012-09-16,1,1
151836,mJKPqK66Cl,31,m,True,0,uP2ZYYSZ4,0,新浪微博,1,转小学语文课本三年级下册第课,0,2012-09-07,0,1
122513,m80LfwyGeU,44,m,True,0,uLMIPNMT5,0,iPhone客户端,1,何三畏理性爱国保钓新口号没医保没社保心中只有钓鱼岛就算政府不养老也要收复钓鱼岛没物权没人权钓鱼岛上争主权买不起房修不起坟寸土不让日本人,0,2012-09-20,0,1
31416,mLL2jLNu9J,11,m,True,0,uQHCW2RRA,0,新浪微博,0,百度工程师指搜索突破底线违反基本协议针对近日沸沸扬扬的百度攻防大战百度工程师赵明华近日回应指出突破底线的行为包括恶意违反协议偷窃内容擅自更改用户默认选项劫持流量欺骗网民跳转快照更换偷取数据腾讯科技,0,2012-08-30,0,1
71662,mEjVN6HTH3,11,m,True,0,uLCMM2IZL,0,iPhone客户端,0,老贴回放环球主笔王文评论薄今天记者会饱受刁问但他回答得体坦诚近年来一些舆论极尽妖魔化之能事让人寒心但重庆人高满意率高支持率不可抹杀我认为无论舆论怎样８个月后的九个位子应该容下他如果这都无法包容那真是共产党的不幸大多数中国人的不幸但有人会大笑我大笑了,0,2012-09-29,0,1
63623,mu95b4NYad,400,m,False,0,uZNJ01PKV,0,新浪微博,1,南方发生了什么,0,2012-08-11,0,1
123344,mrAlL5sBX6,11,m,True,0,uVEQVWUAF,0,新浪微博,0,今天关键词一个是中国宁波的某个地名一个是谁谁谁敛财②⑦亿美金国旗喜迎①⑧大我们的祖国越来越和谐了,0,2012-10-28,0,1
139463,mzqSyrLkim,81,f,True,0,uMLLBLH1O,0,iPhone客户端,1,特首梁振英這裡是香港不是北韓,0,2012-09-07,1,1
147420,mzqNAa4kmw,11,m,True,0,uLMITBRHD,0,新浪微博,0,既然是一桩故意杀人案不在案发地审也不在被告居住地审悄悄搞到安徽某地去审理令人费解家属曾经从香港打电话来欲委托我但后来得知已经有指定律师外地律师尤其北京律师根本无法介入在未审之前已通过官方媒体公告起诉书内容并证据确凿审判不就是走过场被告人的诉讼权利保障堪忧,0,2012-08-01,0,1
164778,m5P5xNYl5p,31,m,True,0,uEMB3OOIX,0,新浪微博,0,越看越不对头了说实话爱国主义目前在中国仅够起哄的砸店抢店这种事情如果没有内部人员挑头通常不敢干实体爱国成本巨大这会儿谁要是掉头冲向市政府估计队伍里能有一半人掏出手铐,0,2012-09-15,0,1
40281,m0khQfslXy,44,m,True,0,uVT4CB5DT,0,美图秀秀,1,罕见的一组大跃进人民公社照片下载吧,0,2012-09-19,0,1
82094,m3eFBGW04t,81,f,True,0,uTS2DSFGO,0,新浪微博,1,下星期二著乜衫都好千奇唔好著白衫去政府總部呀,0,2012-09-07,1,1
196721,mqeMpjyIFx,100,m,False,0,uR1WHMITA,0,新浪微博,1,就这样对待我们百姓我们无权推到但是我们有公民基本发布权利,0,2012-10-28,1,1
123192,m80Bqht6JL,37,m,False,0,uBK1K4YED,0,新浪微博,1,强烈要求中国政府撤销外交部这个只会反反复复的表示关切谴责抗议的部门不仅没有存在的必要还有损国人的尊严浪费纳税人的钱同意的请转吴淑平流浪的云薛蛮子叶匡政章立凡封新城任志强,0,2012-08-26,0,1
166284,m7d9QNdkwp,11,f,True,1,uATZPYOS5,1,新浪微博,0,本来就是对付民的微博,0,2012-09-26,0,1
210380,mBc5ptxB4S,44,f,False,0,uSIA1PA1N,0,新浪微博,0,今遭遇特权车队大批交警在管制安静的屁民车龙中一辆别克车突然长按喇叭渐渐的几乎所有的车喇叭都响起来了大家都鸣笛低头默哀持续了三分钟心中默念领导您一路走好在此建议全国推广,0,2012-09-25,1,1
33735,mZwQuXlfjh,11,m,False,0,uCBTMIOGD,0,新浪微博,1,有些图片不得不看,0,2012-09-17,0,1
86263,mgwUcxoGtj,11,m,True,0,uB4GXLJZH,0,新浪微博,1,日本千吨核污染垃圾被进口至宁波超国标两百倍前几天宁波海关通报在从日本千叶起运的一千多吨废五金经查测定辐射源超过国家环控标准二百倍自福岛核泄露以来陆续有超过八千多吨受核污染的日本垃圾运抵中国被查出这些废金属可能被重新加工成建材或着生活上身边各种常见的用品西部网,0,2012-09-04,0,1
49894,mHBDSIopka,81,m,False,1,uZNDSRCC4,0,新浪微博手机版,0,民主黨已發展成滙點騎劫港同盟你睇滙點班人如楊森丶狄志遠搞乜前者反對五區公投後者為國民教育抬橋加埋劉慧偽民主連李柱銘都冇眼睇呢個廢黨范國威出走係正確選擇可惜人氣唔夠媒體選擇性報道好大責任尤其肥佬黎只攬住公民黨我同意你的意見所以我選擇支持進步激進派但選,0,2012-08-16,0,1
104839,mHNygZa956,33,m,True,0,uY02ZASA4,0,新浪微博,0,你既然已经接了该案建议辩护思路不去强化这一点要去政治化辩护就案论案讲犯罪构成要件不构成犯罪你将此案例去冲出版自由被告就判定了帮助地方小官找到了大官后台甚至政党的支持出版自由要在议会上去讲不是个案中去牺牲,0,2012-10-13,0,1
202404,m5P5468gle,11,m,True,0,u5KYLNHL4,0,iPhone客户端,0,群体性事件的目标与方向往往会转向这将是一场大戏导演编剧都会很惨而群众演员嘛演哪一方都无所谓他们啊才是重在参与,0,2012-09-15,0,1
24503,mcrgpjYREy,31,m,True,0,uI43SOAHR,0,新浪微博,1,杨澜加入美国国籍两会还有多少老外杨澜昨天终于承认自己的美国籍身份她理直气壮地说虽然我入了美国籍但我出身于中国所以从原产地角度而言我不出席美国的两会而出席中国的两会是天经地义的据说的代表持有外国护照委员中持有外国护照,0,2012-09-01,0,1
51859,m3eFS7BAr4,44,m,True,0,uJWI2WXYX,0,Weico.iPhone,1,一群脑子被洗得惨白的大陆人用仅有的那一点点自我声嘶力竭地支持还没有被洗脑的香港人这就好比一个被毒品坑害的病人用生命在呐喊阻止健康人染上毒瘾爱惜同胞兄弟落入陷阱一样,0,2012-09-08,0,1
159597,mFLT53FJhQ,44,f,False,1,uCBTJFHTG,1,新浪微博,0,传了大多半年的谣言成真了這回真了微博,0,2012-10-19,0,1
176996,mxO1ELG3wR,41,m,True,0,uZDQAR4XK,0,新浪微博,1,连个诺贝尔官网都打不开的国家居然还想得诺贝尔奖真他娘的滑天下之稽,0,2012-10-11,0,1
175602,mEmxF9Xtom,400,f,True,0,uJ2O1WDZB,0,新浪微博,1,一部正版日本片在当地差不多卖到日元折合成人民币约元左右一个中国网友下载部岛国爱情动作片就相当于打劫日本万元如果万党员带头下载仅此一项就相当于掠夺日本两千玖百亿美元爱国有时候就这么简单,0,2012-08-19,1,1
182487,mZmSRpW3j0,400,m,True,1,uGL4TXBUH,1,新浪微博,0,遍地土匪遍地烽烟遍地血怒疯了酷,0,2012-09-24,0,1
118278,mdO7KYmgix,11,m,True,0,uLMIYQ0RJ,0,FaWave,1,氰化物入口即死的毒药之王在名侦探柯南中柯南经常会闻一闻死者的嘴苦杏仁味然后脑子被雷劈过马萨卡这种苦杏仁味的毒药就是侦探小说的最爱氰化物最近氰化物又成为了人们关注的热点作为高端毒药的杰出代表氰化物值得好好说一说,0,2012-08-09,0,1
67805,mptIupfXUN,31,m,True,0,uDG02DDM3,0,新浪微博,1,董事会到底个人好还是个人好有何经验体会,0,2012-08-22,0,1
191180,muyk15Iw2e,44,m,True,0,u0AGTMD1X,0,新浪微博,0,谈竞争谈用户体验都是笑话当一个安全产品竟然能伪装成微软的补丁去诱导用户安装浏览器的时候当安全卫士不停地提示用户网速慢的要装浏览器的时候当一个一个小的网址导航被安全的名义吃掉的时候再来谈竞争谈用户体验怎么看都是一个笑话,0,2012-08-29,0,1
119528,mUEOCg3ylH,32,m,False,0,uI43SFUEM,0,新浪微博,1,看完这张图恨死蒋介石,0,2012-09-14,0,1
96267,mVZBjqLXPL,62,m,False,0,u351UK2PF,0,推爱,1,屌丝真正的定义是吃着地沟油的命操着中南海的心生日本人的气砸中国人的车,0,2012-08-30,1,1
43269,m9IAeHbIMZ,11,m,True,0,uLMITBRHD,0,新浪微博,1,你说小岛是你家的可是人家驻扎着城管自己家人回家还被抓被抓了就抗议放人了就说是抗议的结果现在人家派人去登岛了这是挑衅你主权你家的城管呢可以搞十万大军去围捕一个劫匪却纵容几个小日本在你家撒泼不能总是仰望星空啊前戏都做了这么久了怎么也让人看到你雄起一回啊,0,2012-08-19,0,1
32308,mqJUT42nJ5,32,m,False,0,uSIA154BU,0,分享按钮,1,庐江艳照背后的较量目前庐江县的事情已经惊动了中央中央调查组已经介入我就看看最后能是个什么结果中华网,0,2012-08-11,0,1
49505,mFLLfVlibR,400,m,False,0,uZNJ01PKV,0,新浪微博,1,福布斯向英文读者介绍了一个新的汉字词语捐你妹作者解释说动词你妹是中文里的一种诅咒方式,0,2012-08-02,1,1
153056,mBsKyhnhU0,44,m,True,1,uFABTXIS,1,新浪微博,0,给张老师补充一下他不过是在苏俄的帮助下攫取了统治国家的权力并通过这个权力向苏俄输送了包括国土在内的巨大利益,0,2012-09-28,0,1
65305,m7yizfZ6OV,34,m,False,0,uY021NNYW,0,新浪微博,1,表叔怕了副省长李金柱在包庇表哥杨达才之后被网友人肉诸多腐败疑点暴露出来表叔为了逃避法律制裁公然否认是表哥杨达才的主管上级还不惜重金收买媒体在不到一天的时间内将爆料出来大部分信息删除了一个副省级官员就能如此轻松应对亿万民众再大一点的官员就是如来佛主了北京酋长,0,2012-09-28,0,1
30064,mNpOtdL24L,13,m,False,0,uUPW2KOTB,0,新浪博客,1,发表了一篇转载博文转载海外评出年中国十大恶心人物图,0,2012-10-25,0,1
29270,mvRhbRd6RT,36,m,False,0,u3JHQFJYQ,0,享拍微博通,1,高手是如何戴表的,0,2012-09-04,1,1
109328,mg7wBwPTm,81,m,True,0,uQHC3FLDD,0,iPhone客户端,1,七十年代老學運岑建勳說今晚的主題是青春,0,2012-09-06,0,1
59097,m9IAerssIB,46,m,True,0,uS5WVAU1K,0,新浪微博,1,总理再次呼吁劳教制度必须尽快废除温指出解放以后我们有两部完全违反宪法的规定一个是收容遣送现在我们已经把它废除了第二个就是劳教规定这种制度是现在任何一个法制国家都没有的是针对人民群众而不是保护人民群众的我们应该立即勇敢地废除它明镜新闻网年月日,0,2012-08-19,0,1
53662,m5uNoXqYGz,11,m,True,0,uRUHUYAX,0,专业版微博,1,看图北京反日游行中的标语哪怕顿顿瘦肉精也要出兵灭东瀛哪怕养老没人管也要占领富士山,0,2012-09-18,0,1
160007,mTSuPzFGz8,400,f,True,0,uNEGO5ZIZ,0,北美省钱快报微论坛,1,人民日报大地副刊主编徐怀谦疑患抑郁症跳楼自杀年生于山东高密年毕业于北京大学中文系后获中国社会科学院研究生院文学硕士学位著有杂文随笔集拍案不再惊奇生命深处的文字游与思等国学大师季羡林在,0,2012-08-24,1,1
20621,mexhkvBESB,400,f,False,1,uQSM0Y4EM,0,新浪微博,0,用心阴恶坚决抵制我们的官员村长都过亿全面超越首相总资产万倍我自豪,0,2012-08-26,1,1
81098,mEm4S9DmE7,37,m,False,0,uBK1K4YED,0,新浪微博,1,名人的传世名言邓亚萍人民日报年来没有假新闻李小琳我的成长是自己一步一步努力的成果张志军中国民众对政府满意度世界第一沙祖康中国人权至少比美国好五倍社科院陈光金中国全民社保制度体系基本形成这些名人的经典话语一定会在历史上留下重重的一笔左小祖咒叶匡政,0,2012-09-07,0,1
130619,mSahrC4m0r,11,m,True,0,uMMS54BNG,0,iPhone客户端,1,正解杜楠爆料经典神吐槽知道蒋介石为什么输给毛泽东吗因为蒋介石出的石头毛泽东出的布当然笑到最后的是出剪刀的下一个赢家一定是个出石头的,0,2012-10-20,0,1
182435,mNpWytKh2u,37,m,False,0,uBK1K4YED,0,新浪微博,1,沈阳罚款风愈刮愈盛继沈阳饱受商铺关门风侵袭之后以罚代管行动开始由行政执法操刀雁过拔毛屡禁不止昨于洪区执法强搬超市物品皇姑区执法对经营单位挂促销铭牌罚元据说现在在自家门市房上挂出租二字也是罚元理由是属于小招贴不交就停电话贪婪粗暴何时休叶匡政,0,2012-09-01,0,1
65535,mj4m1ijOqk,11,m,False,0,uVGJW3IB5,0,新浪微博,1,手机浏览器乱象观察百度跑分造假的三宗罪一宗罪暗渡陈仓伪装桌面浏览器骗取得分二宗罪移花接木调用系统播放器骗取得分三宗罪无中生有骗取安全中的得分度娘最近真是腹背受敌啊互联网的那点事,0,2012-09-07,0,1
147032,mpbv35bJaT,61,m,True,0,uDZP0CAUZ,0,新浪微博,0,紧急求救我现在在南稍门我和家人已经无法出行一片打砸抢烧太太吓的跑了回来不知该如何孩子原本的舞蹈课和表演课也都不能去了西安市长在干什么西安民警在做什么西安一片乱象人们都疯狂了强烈呼吁陕西西安政府保护市民安全,0,2012-09-15,0,1
77700,mevD38SXbO,11,m,True,0,uZXYRDJKT,0,皮皮时光机,1,泰晤士报中国体育培训太残酷再多金牌也不值中国体育训练残酷大量被淘汰运动员身心粉碎即使赢枚金牌都不值如此代价中国希望利用运动员取得成功来展示其政权的胜利正如前苏联和东德然而精英体育成功不能说明政治文化的美德它往往显示了一种不自信和道德缺陷福布斯,0,2012-08-02,0,1
103672,mQWuDz18UC,11,m,False,0,uDSKZNML,0,新浪微博,1,大审将至不彻底清算他的全部罪行或者直接杀掉都是非常危险的他的支持者遍布各领域一旦遇到合适的土壤他他们还东山再起因为你的判决绝对做不到让他永远出不了监狱卡斯特罗萨达姆都蹲国监狱吧他的出现与没有彻底清算毛是有关系的一定要吸取教训中国再也经不起这么折腾了,0,2012-10-14,0,1
174884,mFLESufKzA,21,m,True,1,uCBTGFYAK,1,新浪微博,0,我操尼玛这是什么日本人操他妈的恐怖,0,2012-09-25,0,1
14354,mNpalbps9G,100,m,False,0,uOQZZWTB4,0,新浪微博,1,养贪官做房奴决不放弃钓鱼岛深圳同胞们越来越幽默了刘春,0,2012-09-16,0,1
74403,mkpA4Mwp2I,11,m,False,0,uI43KNK40,0,皮皮时光机,1,多日不见同学们安,0,2012-09-11,1,1
20372,m0WWMQPtPM,11,m,True,0,uZXYZZT1K,0,新浪微博,0,许多新闻出口之后再内销说案主角开除党籍追不追刑责呢可能不追了吧这样的结果法律界如何看淡化处理淡出视线扯淡是不是,0,2012-08-27,0,1
134652,mEm4n7YkyK,81,m,False,0,u3JLFEENS,0,新浪微博,0,下午五点多添马公园已坐满政府总部后面的立法会广场很快也坐满迟来市民只好站在旁边马路上观看大莹幕我捐款给反洗脑大联盟看见前后左右也是捐元黄耀明刘以达黄家强岑建勋学民思潮召集人黄之锋以及好多教授教师家长上台发言和表演万多人反对洗脑守护孩子的声音震撼政总,0,2012-09-01,0,1
1005,mVQ0BhOkye,61,f,False,0,uVGJGHA3G,0,新浪微博,1,这是我修改后的西安之痛感谢老师替我先发出来也感谢所有帮助我完成这个记录的人感谢受害者为我重述他们所遭遇的伤痛遗憾的是我的记录很不全面这里是一个有部分照片的长微博和博客链接狄马,0,2012-09-27,0,1
130058,mexR77NTKi,33,m,True,0,uBKZ0FFUJ,0,新浪微博,1,据羊城晚报报道深圳人在抵制日货行动中打砸日系车已被批捕在目前如此狂热的氛围下此举殊属不易希望能够唤起理性爱国赞赞赞,0,2012-09-15,0,1
56787,m3e35u9JvC,50,m,True,0,uRLOSK2KM,0,新浪微博,1,极其震惊这与爱国与保钓一点关系没有怎么会这样了,0,2012-09-16,0,1
163108,mt8DHvXRAh,36,m,True,0,uP2ZYDQNB,0,新浪微博,1,同城在关注博友开日产车的朋友别往广场和北京路省政府门口走不理性的国人在砸车,0,2012-09-16,0,1
214892,mdZCdFuXyU,400,m,True,0,uDSGC0YD,0,新浪微博,0,我们抗议房子被强拆立刻被驱赶拘捕我们抗议污染项目上马立刻被驱赶拘捕我们在广场祭奠在灾难中死去的人立刻被驱赶拘捕今天一群群流氓冲进店打砸抢烧你们不管冲进超市强取豪夺你们不管踢砸掀翻同胞的车你们不管要么你们就是那群流氓要么你们在指挥那群流氓否则你们在干啥,0,2012-09-15,0,1
32832,mCCJTRFlJJ,82,f,False,0,uHRV5FQHR,0,专业版微博,1,他是人民的希望给重庆带来了前所未有的资源以他特立独行的方式一扫官场颓废之风以他的想象力给这座老工业城市注入了自信和方向感从一开始他就注定不光属于重庆还属于全中国不管外界如何评说重庆以及全国人都应该记住这五年一个人改变了一座城市,0,2012-10-13,1,1
170706,mcrj4ca6eX,11,m,True,0,uBIBFUAIU,0,iPhone客户端,0,一头狮子醒着看似很强壮最近却被日本咬了一口被韩国拔了一根毛被菲律宾放了个臭屁被美国电击了好几次它用得最多的词汇是我强烈抗议于是这个世界没有谁真正怕这头狮子它有很多老朋友但基本都是骗吃骗喝的假朋友,0,2012-10-17,0,1
168165,m3e30ma5IG,42,f,False,0,uVGJH2BFB,0,UC浏览器,1,谣言即未曾发生或未被证实的事如果以下所述日后证实纯属谣言传谣信谣者后果自负截至月日晚时分秒各地爱国青年共打砸日系车余辆砸疑似日系企业开办商店商行余家烧毁家打伤亲日和似日人员余人名孕妇被打致流产西安数名肇事者核实身份后发现均有犯罪前科,0,2012-09-16,1,1
141940,m4YNjUXBV3,400,m,False,0,uGL4PWMRU,0,新浪微博,1,達明和學民思潮合作的黃耀明,0,2012-08-19,0,1
158044,m80qkjg13t,100,m,True,0,u02LO4SXX,0,新浪微博,1,被撤版的报道福建表叔厅长来了云南都市时报社社长总编辑图已下厂印刷被撤下来的版面,0,2012-10-09,0,1
41577,mZmSPABQI7,100,m,False,0,uOQZZWTB4,0,新浪微博,1,孝感你赢了弱湖北孝感身背两杆枪长的打鬼子短的打姑娘微评恶俗当有趣二流子别动队左小祖咒,0,2012-09-19,1,1
212195,mxO1wYMKme,11,m,True,1,uSIALOX1S,1,iPhone客户端,0,河蟹社会挖鼻屎有些历史必须要被忘记后来呢人入地狱畜生生天,0,2012-10-07,0,1
22218,mnzeVSY9Pc,11,f,True,0,uOQZ3FO1I,0,企业微博,1,宋楚瑜真正的奇迹是既能经济成长同时又让人人赚到钱蒋经国治理时期台湾人均所得从美元成长到美元最高所得五分之一家庭与最低所得五分之一家庭收入差距仅从倍微调到倍人均所得成长倍但贫富差距却能限缩于经济成长果实全民共享财富不是集中于少数人手中,0,2012-09-04,1,1
109756,m0WQm6volg,71,m,False,0,u02LNZANB,0,新浪微博,1,美国真乱乱套了哈哈哈哈哈哈,0,2012-10-27,1,1
138591,mdZ2a7Sh78,11,m,True,1,uBK12YYDM,1,360安全浏览器,0,她是干嘛的曾给朋友们发过一份李夫人的介绍觉得她是最低调的官夫人不爱慕虚荣不求别的只期待清廉的政府可参考也是一个角度现在看未来正需要不同角度的各观察,0,2012-10-21,0,1
93783,mLL4RDYdjg,11,m,False,0,uMLLZQOE4,0,分享按钮,1,年月日公民程海北京律师张维云北京律师朱顺忠媒体薛孟春企管王全璋北京律师人邮寄送达公民监督书要求中纪委监察部国家安监总局最高检等依法严厉追究北京大暴雨渎职公务员等违使用发布,0,2012-08-15,0,1
116418,mj4mANVzin,15,m,False,0,uR1WO2B25,0,新浪微博,1,连删两次你妹的小秘书传个背心也不行吗公民许志永,0,2012-09-17,1,1
132331,m2gyohXcUB,14,m,True,0,uWYNM4VJ0,0,iPhone客户端,1,西安警方线索征集爱国不是挡箭牌侵犯私产就是犯罪在月日的打砸烧事件中被损坏的日系汽车车主是在中国政府的许可下依法拥有这些财物的根据中华人民共和国刑法第条规定参与打砸抢烧的暴徒们都涉嫌违反了刑法构成了刑事犯罪希望广大市民向警方提供线索求扩散,0,2012-09-17,0,1
107876,mGv6Fiunzd,81,m,True,0,uGL4ODSZN,0,iPad客户端,1,可能又會有人話香港媒體勾結外國勢力干預國內事務但請想想當香港失去了言論自由失去了新聞自由資訊不再流通巿民變得愚昧香港徹底大陸化後還有什麼條件讓外資優先考慮投資或在香港營商,0,2012-10-14,0,1
43010,m7yWSo4QyB,400,f,True,0,u1O54WSN3,0,美图秀秀iPad版,1,今天下午流窜到九寨下降时机翼几乎是擦着雪峰缓缓而落从机场出来天边的云朵喜迎斯巴达,0,2012-10-22,1,1
206063,mvRRxCfJQb,41,m,True,0,uP2ZD1NN3,0,新浪微博,1,话筒盘锦前线的记者和律师们正在艰难地干活他们被跟踪被阻难强烈呼吁网民们声援律师记者等前线的勇士们同时也警告你们必须要保障记者和律师们的安全,0,2012-09-25,0,1
136075,mEjVgotCsd,44,m,False,0,uVEQVLY4D,0,360安全浏览器,1,普世太保的民主杀气❶南都记者闫涛民主了爆你菊花❷南方系陈乐应该把毛左都送炉子炼肥皂❸周亚辉杀掉两亿中国人才有自由民主制度❹所有类似之流的资格就是被做成一盘花江狗肉❺对新文革余孽及其家人连坐没有同情只有诅咒,0,2012-09-24,1,1
166941,mH4RQvAcBz,100,m,False,1,uZ32NJBU5,1,Android客户端,0,何谓激进建制派盲的曾伟雄也盲的这回有板有眼港人是爭民主争福祉鄰居是打着红旗打砸抢,0,2012-09-16,0,1
108848,mRc7G3rNjI,37,m,True,1,uBKZRSELB,1,新浪微博,0,威武是谁让这种人如此狂妄这杂种也带表丧心病狂这种官员完全走向了民众的反面微博,0,2012-09-22,0,1
148810,m3e30lBJOa,81,f,True,0,uUPWNDXEE,0,iPhone客户端,1,日本街头播放着中国人烧车砸店的画面疯狂狰狞的中国男子站在车上喊着抵制日货砸车车里是惊恐的中国女人最后镜头放大到该男子穿着某日本品牌衣服镜头再转到围观拍照的中国人手里的佳能尼康相机上中国人民爱国抗日游行被反华势力利用来搞破坏反华分子有组织有预谋地要把游行变成暴动,0,2012-09-16,1,1
160253,mL8lxcznfJ,33,m,True,0,uY02ZASA4,0,iPhone客户端,1,出国转内销的民间网媒信息如此准确证明三大问题今日中国核心高层已无密可保国内舆论控制已经变态到只有谎言没有真相国内官媒已完全丧失舆论民信和主导权一旦天下大乱主流舆论已无稳定社会功能,0,2012-09-20,0,1
204068,mNTkMhZ5dz,11,f,False,0,uNEGMEHEB,0,iPhone客户端,1,介绍两名律师,0,2012-10-28,1,1
142161,mU5BN1ikN6,51,f,True,0,uUPCX3QDL,0,新浪博客,1,彼得弗拉基米洛夫日记记录的中共抗战真相片段选录年前的今天日本天皇宣布无条件投降这里发布几则共产国际驻延安联络员彼得弗拉基米洛夫的日记他提供的证据和视角对于了解抗日真相使用新浪长微博工具发布,0,2012-08-15,0,1
97584,mviaR7j8Qy,81,m,False,0,u5KYUIHNP,0,索尼Xperia S LT26i,1,土耳其人都支持反洗腦教育,1,2012-09-07,1,1
186685,mpGjz1oRTQ,81,m,False,0,uATZD0C2D,0,新浪微博,0,靠近政总的地铁金钟站出口由于人太多已封锁政总旁边的添美路四条行车线也已占满附近的添美公园也快占满满眼尽是黑衣人满城尽吹自由风陈日君来了肥佬黎来了李柱铭来了森美小仪也来了黄之锋说这一刻我们创造了历史,0,2012-09-07,0,1
56779,mEjeGxRCAn,12,m,True,0,uW0EBZZ3B,0,新浪微博,1,照相機年北京摇滚歌手崔健瑪格南攝影師帕特里克紮克曼攝,0,2012-09-15,0,1
209002,mTSUV3CKyF,11,f,False,0,uPKFOANLF,0,新浪微博,1,上联香港公民拼命抵抗国民教育下联大陆屁民尽情展示洗脑成果横批一国两智汉克斯,0,2012-09-16,0,1
147686,mrM6kyFtGw,11,m,True,0,uQZ05B1MY,0,新浪微博,0,牵脖动国枭首相来访预定要见猫国继承人Ψ但被告知见不了睡觉落枕代替者是Ψ的顺位继承人枭愤然猫国也惶恐传闻Ψ失踪得不到枭支持鼠国乘机侵桑地猫民大怒知道Ψ脖子没事的猫劝它赶紧露面Ψ不同意怕失信后数日保桑倒Ψ风潮席卷猫国储位危史称牵脖动国事件,0,2012-09-16,0,1
70708,mZmSnXT4io,100,f,True,0,uLCMKDFOU,0,iPhone客户端,1,这是一封写给谁的信位老人的心冷如寒冰一记耳光让那从来夹在裤裆中的奴才嘴脸发出恶臭只是这普适的光辉还未照亮的地方又早早丢了礼仪廉耻披着文明外衣的叫兽又是谁给了他无耻的理由,0,2012-09-22,1,1
79312,mnzBY0XekW,11,m,False,1,uCBTMIOGD,1,新浪微博,0,嘻嘻恩我沒說文學之前還有位藏族人也得和平獎您忘了麼刘是和平奖不是文学中國諾貝爾獎第三人吧中国诺贝尔文学奖第二人而已,0,2012-10-12,0,1
15286,m2gb1QuD43,11,m,True,0,uI43KIYF0,0,新浪微博,1,媒体公然造假这是一个什么样的国度呸,0,2012-08-16,0,1
128070,mhi30Tdc6L,11,m,True,0,uM1UWRRVB,0,新浪微博,1,柏杉林二十四猛料出炉安徽庐江县委书记王民生副县长蒋大彬淫乱照,0,2012-08-09,0,1
145630,m3zJiBtQgo,81,f,True,0,uM1UVLTCP,0,iPhone客户端,1,最大的漢奸,0,2012-09-21,1,1
203719,m5uVOO9Yof,11,m,False,0,uONP3ZQBK,0,iPad客户端,1,月孕妇被强行引产孕妇婴儿双双殒命两台面的车在长沙浏阳金刚镇珊瑚村宋怀金家门口噶然而止车上同时下来十几个人直接冲入刘丹房间把刘丹强行架到面包车上怀孕月的浏阳姑娘刘丹就这样被浏阳市计生委抓走被强制注射了引产针七窍流血母子双双殒命,0,2012-08-04,1,1
171826,mCVFNrlCgk,44,f,False,0,uWYNB2B2B,0,新浪微博,0,重要提醒明天广州深圳可能会出现重大暴力事件利用最后一天上演最后的疯狂请务必不要赶往环市路和华强北等地以确保自己的人身安全求紧急呼吁,0,2012-09-18,1,1
111689,mL29eoeSNS,11,m,True,1,uMLLBVB30,0,iPhone客户端,0,反腐反贪污这太过份太过份北京市长书记听见了吗看到了吗一直让纳税人购买高价的税控机为什么政府不补助中间有什么猫泥,0,2012-08-26,0,1
1066,mc9d4mZCFL,11,m,True,0,uP2ZTFKIJ,0,360安全浏览器,1,李省长的表貌似也不少酷图卫视评论,0,2012-09-22,0,1
